,date,subscriber
0,2019-11-20,41
1,2019-11-26,41
2,2019-11-27,41
3,2019-12-03,41
4,2019-12-16,41
5,2019-12-22,41
6,2019-12-23,41
7,2020-01-03,40
8,2020-01-10,40
9,2020-06-13,3378
10,2020-06-14,3378
11,2020-06-15,3378
12,2020-06-16,3378
13,2020-06-17,3378
14,2020-06-18,3378
15,2020-06-19,3378
16,2020-06-20,3378
17,2020-06-21,3378
18,2020-06-22,3378
19,2020-06-23,3378
20,2020-06-24,3378
21,2020-06-25,3379
22,2020-06-26,3379
23,2020-06-27,3379
24,2020-06-28,3379
25,2020-06-29,3379
26,2020-06-30,3379
27,2020-07-01,3379
28,2020-07-02,3379
29,2020-07-03,3378
30,2020-07-04,3378
31,2020-07-05,3378
32,2020-07-06,3378
33,2020-07-07,3378
34,2020-07-08,3378
35,2020-07-09,3378
36,2020-07-10,3378
37,2020-07-11,3378
38,2020-07-12,3378
39,2020-07-13,3379
40,2020-07-16,3380
41,2020-07-17,3380
42,2020-07-18,3380
43,2020-07-19,3380
44,2020-07-20,3380
45,2020-07-21,3380
46,2020-07-22,3380
47,2020-07-23,3380
48,2020-07-24,3380
49,2020-07-25,3380
50,2020-07-26,3380
51,2020-07-27,3380
52,2020-07-28,3380
53,2020-07-29,3380
54,2020-07-30,3380
55,2020-07-31,3380
56,2020-08-01,3380
57,2020-08-02,3380
58,2020-08-03,3380
59,2020-08-04,3381
60,2020-08-05,3381
61,2020-08-06,3381
62,2020-08-07,3381
63,2020-08-08,3381
64,2020-08-09,3381
65,2020-08-10,3381
66,2020-08-11,3381
67,2020-08-12,3381
68,2020-08-13,3381
69,2020-08-14,3381
70,2020-08-15,3381
71,2020-08-16,3381
72,2020-08-17,3381
73,2020-08-18,3381
74,2020-08-19,3383
75,2020-08-20,3383
76,2020-08-21,3383
77,2020-08-22,3384
78,2020-08-23,3385
79,2020-08-24,3385
80,2020-08-25,3385
81,2020-08-26,3386
82,2020-08-27,3387
83,2020-08-28,3387
84,2020-08-29,3387
85,2020-08-30,3388
86,2020-08-31,3388
87,2020-09-01,3388
88,2020-09-02,3388
89,2020-09-03,3388
90,2020-09-04,3388
91,2020-09-05,3388
92,2020-09-06,3388
93,2020-09-07,3388
94,2020-09-08,3389
95,2020-09-09,3391
96,2020-09-10,3392
97,2020-09-11,3392
98,2020-09-12,3393
99,2020-09-13,3393
100,2020-09-14,3393
101,2020-09-15,3393
102,2020-09-16,3394
103,2020-09-17,3395
104,2020-09-18,3398
105,2020-09-19,3396
106,2020-09-20,3397
107,2020-09-21,3397
108,2020-09-22,3397
109,2020-09-23,3398
110,2020-09-24,3398
111,2020-09-25,3399
112,2020-09-26,3399
113,2020-09-27,3400
114,2020-09-28,3400
115,2020-09-29,3402
116,2020-09-30,3402
117,2020-10-01,3402
118,2020-10-02,3402
119,2020-10-03,3403
120,2020-10-04,3403
121,2020-10-05,3404
122,2020-10-06,3405
123,2020-10-07,3406
124,2020-10-08,3406
125,2020-10-09,3406
126,2020-10-10,3406
127,2020-10-11,3406
128,2020-10-12,3406
129,2020-10-13,3406
130,2020-10-14,3407
131,2020-10-15,3407
132,2020-10-16,3407
133,2020-10-17,3408
134,2020-10-18,3409
135,2020-10-19,3409
136,2020-10-20,3410
137,2020-10-21,3410
138,2020-10-22,3410
139,2020-10-23,3410
140,2020-10-24,3410
141,2020-10-25,3411
142,2020-10-26,3412
143,2020-10-27,3412
144,2020-10-28,3412
145,2020-10-29,3412
146,2020-10-30,3412
147,2020-10-31,3411
148,2020-11-01,3413
149,2020-11-02,3413
150,2020-11-03,3414
151,2020-11-04,3414
152,2020-11-05,3414
153,2020-11-06,3414
154,2020-11-07,3414
155,2020-11-08,3414
156,2020-11-09,3414
157,2020-11-10,3414
158,2020-11-11,3414
159,2020-11-12,3414
160,2020-11-13,3415
161,2020-11-14,3416
162,2020-11-15,3417
163,2020-11-16,3417
164,2020-11-17,3416
165,2020-11-18,3416
166,2020-11-19,3417
167,2020-11-20,3417
168,2020-11-21,3418
169,2020-11-22,3418
170,2020-11-23,3418
171,2020-11-24,3418
172,2020-11-25,3419
173,2020-11-26,3419
174,2020-11-27,3419
175,2020-11-28,3419
176,2020-11-29,3419
177,2020-11-30,3419
178,2020-12-01,3419
179,2020-12-02,3419
180,2020-12-03,3419
181,2020-12-04,3419
182,2020-12-05,3419
183,2020-12-06,3419
184,2020-12-07,3419
185,2020-12-08,3419
186,2020-12-09,3419
187,2020-12-10,3419
188,2020-12-11,3419
189,2020-12-12,3419
190,2020-12-13,3419
191,2020-12-14,3420
192,2020-12-15,3420
193,2020-12-16,3420
194,2020-12-17,3420
195,2020-12-18,3421
196,2020-12-19,3433
197,2020-12-20,3433
198,2020-12-21,3434
199,2020-12-22,3436
200,2020-12-23,3438
201,2020-12-24,3441
202,2020-12-25,3446
203,2020-12-26,3448
204,2020-12-27,3449
205,2020-12-28,3449
206,2020-12-29,3450
207,2020-12-30,3456
208,2020-12-31,3478
209,2021-01-01,3480
210,2021-01-02,3480
211,2021-01-03,3484
212,2021-01-04,3484
213,2021-01-05,3487
214,2021-01-06,3488
215,2021-01-07,3488
216,2021-01-08,3489
217,2021-01-09,3490
218,2021-01-10,3492
219,2021-01-11,3492
220,2021-01-12,3494
221,2021-01-13,3494
222,2021-01-14,3494
223,2021-01-15,3494
224,2021-01-16,3495
225,2021-01-17,3496
226,2021-01-18,3496
227,2021-01-19,3496
228,2021-01-20,3496
229,2021-01-21,3497
230,2021-01-22,3497
231,2021-01-23,3496
232,2021-01-24,3497
233,2021-01-25,3498
234,2021-01-26,3498
235,2021-01-27,3499
236,2021-01-28,3500
237,2021-01-29,3500
238,2021-01-30,3501
239,2021-01-31,3501
240,2021-02-01,3501
241,2021-02-02,3502
242,2021-02-03,3503
243,2021-02-04,3503
244,2021-02-05,3502
245,2021-02-06,3503
246,2021-02-07,3503
247,2021-02-08,3503
248,2021-02-09,3503
249,2021-02-10,3503
250,2021-02-11,3504
251,2021-02-12,3505
252,2021-02-13,3505
253,2021-02-14,3505
254,2021-02-15,3505
255,2021-02-16,3506
256,2021-02-17,3506
257,2021-02-18,3506
258,2021-02-19,3506
259,2021-02-20,3506
260,2021-02-21,3506
261,2021-02-22,3507
262,2021-02-23,3507
263,2021-02-24,3507
264,2021-02-25,3507
265,2021-02-26,3507
266,2021-02-27,3507
267,2021-02-28,3507
268,2021-03-01,3507
269,2021-03-02,3507
270,2021-03-03,3507
271,2021-03-04,3507
272,2021-03-05,3507
273,2021-03-06,3508
274,2021-03-07,3508
275,2021-03-08,3510
276,2021-03-09,3511
277,2021-03-10,3511
278,2021-03-11,3511
279,2021-03-12,3511
280,2021-03-13,3511
281,2021-03-14,3512
282,2021-03-15,3513
283,2021-03-16,3514
284,2021-03-17,3513
285,2021-03-18,3514
286,2021-03-19,3514
287,2021-03-20,3515
288,2021-03-21,3516
289,2021-03-22,3516
290,2021-03-23,3517
291,2021-03-24,3517
292,2021-03-25,3517
293,2021-03-26,3517
294,2021-03-27,3517
295,2021-03-28,3517
296,2021-03-29,3517
297,2021-03-30,3517
298,2021-03-31,3516
299,2021-04-01,3516
300,2021-04-02,3516
301,2021-04-03,3516
302,2021-04-04,3516
303,2021-04-05,3516
304,2021-04-06,3516
305,2021-04-07,3517
306,2021-04-08,3518
307,2021-04-09,3518
308,2021-04-10,3518
309,2021-04-11,3519
310,2021-04-12,3519
311,2021-04-13,3520
312,2021-04-14,3520
313,2021-04-15,3520
314,2021-04-16,3520
315,2021-04-17,3520
316,2021-04-18,3520
317,2021-04-19,3520
318,2021-04-20,3520
319,2021-04-21,3521
320,2021-04-22,3521
321,2021-04-23,3521
322,2021-04-24,3521
323,2021-04-25,3521
324,2021-04-26,3521
325,2021-04-27,3523
326,2021-04-28,3523
327,2021-04-29,3523
328,2021-04-30,3524
329,2021-05-01,3524
330,2021-05-02,3524
331,2021-05-03,3524
332,2021-05-04,3524
333,2021-05-05,3526
334,2021-05-06,3525
335,2021-05-07,3525
336,2021-05-08,3525
337,2021-05-09,3526
338,2021-05-10,3527
339,2021-05-11,3526
340,2021-05-12,3526
341,2021-05-13,3526
342,2021-05-14,3526
343,2021-05-15,3526
344,2021-05-16,3526
345,2021-05-17,3524
346,2021-05-18,3524
347,2021-05-19,3524
348,2021-05-20,3524
349,2021-05-21,3524
350,2021-05-22,3524
351,2021-05-23,3524
352,2021-05-24,3524
353,2021-05-25,3523
354,2021-05-26,3522
355,2021-05-27,3522
356,2021-05-28,3522
357,2021-05-29,3522
358,2021-05-30,3522
359,2021-05-31,3522
360,2021-06-01,3522
361,2021-06-02,3522
362,2021-06-03,3522
363,2021-06-04,3522
364,2021-06-05,3522
365,2021-06-06,3522
366,2021-06-07,3522
367,2021-06-08,3523
368,2021-06-09,3523
369,2021-06-10,3523
370,2021-06-11,3523
371,2021-06-12,3524
372,2021-06-13,3666
373,2021-06-14,3666
374,2021-06-15,3667
375,2021-06-16,3667
376,2021-06-17,3669
377,2021-06-18,3984
378,2021-06-19,3984
379,2021-06-20,3984
380,2021-06-21,3983
381,2021-06-22,3983
382,2021-06-23,3983
383,2021-06-24,3983
384,2021-06-25,3983
385,2021-06-26,3983
386,2021-06-27,3984
387,2021-06-28,3984
388,2021-06-29,3984
389,2021-06-30,3984
390,2021-07-01,21467
391,2021-07-02,21466
392,2021-07-03,21465
393,2021-07-04,21465
394,2021-07-05,21465
395,2021-07-06,21465
396,2021-07-07,21465
397,2021-07-08,21464
398,2021-07-09,21464
399,2021-07-10,21464
400,2021-07-11,21463
401,2021-07-12,21463
402,2021-07-13,21463
403,2021-07-14,21462
404,2021-07-15,21461
405,2021-07-16,21460
406,2021-07-17,21459
407,2021-07-18,21459
408,2021-07-19,21459
409,2021-07-20,21458
410,2021-07-21,21458
411,2021-07-22,21458
412,2021-07-23,21458
413,2021-07-24,21456
414,2021-07-25,21455
415,2021-07-26,21455
416,2021-07-27,21455
417,2021-07-28,21455
418,2021-07-29,21455
419,2021-07-30,21454
420,2021-07-31,21454
421,2021-08-01,21453
422,2021-08-02,21452
423,2021-08-03,21452
424,2021-08-04,21452
425,2021-08-05,21453
426,2021-08-06,21452
427,2021-08-07,21452
428,2021-08-08,21450
429,2021-08-09,21451
430,2021-08-10,21450
431,2021-08-11,21447
432,2021-08-12,21446
433,2021-08-13,21446
434,2021-08-14,21446
435,2021-08-15,21445
436,2021-08-16,21445
437,2021-08-17,21445
438,2021-08-18,21444
439,2021-08-19,21442
440,2021-08-20,21441
441,2021-08-21,21440
442,2021-08-22,21440
443,2021-08-23,21440
444,2021-08-24,21440
445,2021-08-25,21439
446,2021-08-26,21441
447,2021-08-27,21440
448,2021-08-28,21439
449,2021-08-29,21437
450,2021-08-30,21436
451,2021-08-31,21434
452,2021-09-01,21435
453,2021-09-02,21435
454,2021-09-03,21433
455,2021-09-04,21431
456,2021-09-05,21430
457,2021-09-06,21428
458,2021-09-07,21426
459,2021-09-08,21424
460,2021-09-09,21425
461,2021-09-10,21423
462,2021-09-11,21423
463,2021-09-12,21423
464,2021-09-13,21423
465,2021-09-14,21423
466,2021-09-15,21422
467,2021-09-16,21422
468,2021-09-17,21422
469,2021-09-18,21421
470,2021-09-19,21421
471,2021-09-20,21420
472,2021-09-21,21418
473,2021-09-22,21418
474,2021-09-23,21415
475,2021-09-24,21415
476,2021-09-25,21415
477,2021-09-26,21415
478,2021-09-27,21414
479,2021-09-28,21413
480,2021-09-29,21413
481,2021-09-30,21413
482,2021-10-01,21413
483,2021-10-02,21414
484,2021-10-03,21414
485,2021-10-04,21413
486,2021-10-05,21413
487,2021-10-06,21413
488,2021-10-07,21410
489,2021-10-08,21409
490,2021-10-09,21408
491,2021-10-10,21408
492,2021-10-11,21407
493,2021-10-12,21405
494,2021-10-13,21403
495,2021-10-14,21402
496,2021-10-15,21401
497,2021-10-16,21401
498,2021-10-17,21401
499,2021-10-18,21401
500,2021-10-19,21400
501,2021-10-20,21400
502,2021-10-21,21400
503,2021-10-22,21398
504,2021-10-23,21396
505,2021-10-24,21397
506,2021-10-25,21397
507,2021-10-26,21396
508,2021-10-27,21395
509,2021-10-28,21394
510,2021-10-29,21394
511,2021-10-30,21392
512,2021-10-31,21392
513,2021-11-01,21392
514,2021-11-02,21391
515,2021-11-03,21390
516,2021-11-04,21388
517,2021-11-05,21388
518,2021-11-06,21387
519,2021-11-07,21386
520,2021-11-08,21383
521,2021-11-09,21383
522,2021-11-10,21383
523,2021-11-11,21383
524,2021-11-12,21381
525,2021-11-13,21381
526,2021-11-14,21381
527,2021-11-15,21380
528,2021-11-16,21378
529,2021-11-17,21378
530,2021-11-18,21376
531,2021-11-19,21375
532,2021-11-20,21375
533,2021-11-21,21373
534,2021-11-22,21372
535,2021-11-23,21372
536,2021-11-24,21372
537,2021-11-25,21371
538,2021-11-26,21370
539,2021-11-27,21370
540,2021-11-28,21369
541,2021-11-29,21368
542,2021-11-30,21367
543,2021-12-01,21367
544,2021-12-02,21367
545,2021-12-03,21366
546,2021-12-04,21366
547,2021-12-05,21365
548,2021-12-06,21364
549,2021-12-07,21364
550,2021-12-08,21361
551,2021-12-09,21360
552,2021-12-10,21360
553,2021-12-11,21359
554,2021-12-12,21359
555,2021-12-13,21358
556,2021-12-14,21358
557,2021-12-15,21355
558,2021-12-16,21353
559,2021-12-17,21353
560,2021-12-18,21352
561,2021-12-19,21353
562,2021-12-20,21352
563,2021-12-21,21351
564,2021-12-22,21347
565,2021-12-23,21345
566,2021-12-24,21344
567,2021-12-25,21344
568,2021-12-26,21341
569,2021-12-27,21342
570,2021-12-28,18612
571,2021-12-29,18612
572,2021-12-30,18610
573,2021-12-31,18609
574,2022-01-01,18606
575,2022-01-02,18604
576,2022-01-03,18600
577,2022-01-04,18596
578,2022-01-05,18595
579,2022-01-06,18593
580,2022-01-07,18590
581,2022-01-08,18587
582,2022-01-09,18583
583,2022-01-10,18577
584,2022-01-11,18572
585,2022-01-12,18570
586,2022-01-13,18565
587,2022-01-14,18562
588,2022-01-15,18560
589,2022-01-16,18559
590,2022-01-17,18555
591,2022-01-18,18555
592,2022-01-19,18554
593,2022-01-20,18553
594,2022-01-21,18553
595,2022-01-22,18550
596,2022-01-23,18548
597,2022-01-24,18544
598,2022-01-25,18544
599,2022-01-26,18543
600,2022-01-27,18542
601,2022-01-28,18541
602,2022-01-29,18541
603,2022-01-30,18539
604,2022-01-31,18534
605,2022-02-01,18533
606,2022-02-02,18533
607,2022-02-03,18531
608,2022-02-04,18529
609,2022-02-05,18528
610,2022-02-06,18527
611,2022-02-07,18526
612,2022-02-08,18526
613,2022-02-09,18524
614,2022-02-10,18524
615,2022-02-11,18523
616,2022-02-12,18522
617,2022-02-13,18522
618,2022-02-14,18521
619,2022-02-15,18521
620,2022-02-16,18520
621,2022-02-17,18518
622,2022-02-18,18517
623,2022-02-19,18513
624,2022-02-20,18510
625,2022-02-21,18505
626,2022-02-22,18506
627,2022-02-23,18505
628,2022-02-24,18502
629,2022-02-25,18499
630,2022-02-26,18494
631,2022-02-27,18493
632,2022-02-28,18491
633,2022-03-01,18490
634,2022-03-02,18487
635,2022-03-03,18486
636,2022-03-04,18481
637,2022-03-05,18480
638,2022-03-06,18479
639,2022-03-07,18472
640,2022-03-08,18470
641,2022-03-09,18467
642,2022-03-10,18465
643,2022-03-11,18461
644,2022-03-12,18459
645,2022-03-13,18458
646,2022-03-14,18454
647,2022-03-15,18452
648,2022-03-16,18450
649,2022-03-17,18445
650,2022-03-18,18443
651,2022-03-19,18439
652,2022-03-20,18433
653,2022-03-21,18430
654,2022-03-22,18429
655,2022-03-23,18427
656,2022-03-24,18424
657,2022-03-25,18422
658,2022-03-26,18419
659,2022-03-27,18419
660,2022-03-28,18418
661,2022-03-29,18416
662,2022-03-30,18415
663,2022-03-31,18414
664,2022-04-01,18412
665,2022-04-02,18411
666,2022-04-03,18411
667,2022-04-04,18410
668,2022-04-05,18407
669,2022-04-06,18406
670,2022-04-07,18403
671,2022-04-08,18405
672,2022-04-09,18405
673,2022-04-10,18403
674,2022-04-11,18397
675,2022-04-12,18394
676,2022-04-13,18391
677,2022-04-14,18387
678,2022-04-15,18382
679,2022-04-16,18379
680,2022-04-17,18379
681,2022-04-18,18377
682,2022-04-19,18376
683,2022-04-20,18372
684,2022-04-21,18370
685,2022-04-22,18370
686,2022-04-23,18368
687,2022-04-24,18365
688,2022-04-25,18359
689,2022-04-26,18349
690,2022-04-27,18344
691,2022-04-28,18334
692,2022-04-29,18329
693,2022-04-30,18325
694,2022-05-01,18318
695,2022-05-02,18308
696,2022-05-03,18297
697,2022-05-04,18282
698,2022-05-05,18272
699,2022-05-06,18261
700,2022-05-07,18257
701,2022-05-08,18256
702,2022-05-09,18252
703,2022-05-10,18250
704,2022-05-11,18248
705,2022-05-12,18244
706,2022-05-13,18245
707,2022-05-14,18243
708,2022-05-15,18243
709,2022-05-16,18242
710,2022-05-17,18240
711,2022-05-18,18236
712,2022-05-19,18233
713,2022-05-20,18230
714,2022-05-21,18229
715,2022-05-22,18227
716,2022-05-23,18226
717,2022-05-24,18222
718,2022-05-25,18219
719,2022-05-26,18213
720,2022-05-27,18209
721,2022-05-28,18206
722,2022-05-29,18201
723,2022-05-30,21342
724,2022-05-31,21340
725,2022-06-01,23115
726,2022-06-02,23114
727,2022-06-03,23109
728,2022-06-04,23106
729,2022-06-05,23104
730,2022-06-06,23101
731,2022-06-07,23093
732,2022-06-08,23085
733,2022-06-09,23079
734,2022-06-10,23078
735,2022-06-11,23076
736,2022-06-12,23073
737,2022-06-13,23067
738,2022-06-14,23063
739,2022-06-15,23060
740,2022-06-16,23050
741,2022-06-17,23047
742,2022-06-18,23035
743,2022-06-19,23026
744,2022-06-20,23017
745,2022-06-21,23007
746,2022-06-22,23000
747,2022-06-23,22988
748,2022-06-24,22977
749,2022-06-25,22967
750,2022-06-26,22951
751,2022-06-27,22929
752,2022-06-28,22876
753,2022-06-29,22867
754,2022-06-30,22866
755,2022-07-01,30316
756,2022-07-02,30312
757,2022-07-03,30305
758,2022-07-04,30300
759,2022-07-05,30294
760,2022-07-06,30284
761,2022-07-07,30277
762,2022-07-08,30272
763,2022-07-09,30268
764,2022-07-10,30263
765,2022-07-11,30256
766,2022-07-12,30251
767,2022-07-13,30241
768,2022-07-14,30236
769,2022-07-15,30227
770,2022-07-16,30225
771,2022-07-17,30220
772,2022-07-18,30217
773,2022-07-19,30215
774,2022-07-20,30210
775,2022-07-21,30204
776,2022-07-22,30194
777,2022-07-23,30187
778,2022-07-24,30181
779,2022-07-25,30176
780,2022-07-26,30174
781,2022-07-27,30171
782,2022-07-28,30166
783,2022-07-29,30163
784,2022-07-30,30161
785,2022-07-31,30148
786,2022-08-01,51342
787,2022-08-02,51339
788,2022-08-03,51329
789,2022-08-04,51317
790,2022-08-05,51295
791,2022-08-06,51280
792,2022-08-07,51264
793,2022-08-08,51243
794,2022-08-09,51213
795,2022-08-10,51174
796,2022-08-11,51157
797,2022-08-12,51130
798,2022-08-13,51108
799,2022-08-14,51091
800,2022-08-15,51062
801,2022-08-16,51036
802,2022-08-17,51022
803,2022-08-18,51008
804,2022-08-19,50990
805,2022-08-20,50976
806,2022-08-21,50965
807,2022-08-22,50954
808,2022-08-23,50944
809,2022-08-24,50933
810,2022-08-25,50917
811,2022-08-26,50906
812,2022-08-27,50893
813,2022-08-28,50881
814,2022-08-29,50868
815,2022-08-30,50864
816,2022-08-31,54725
817,2022-09-01,90784
818,2022-09-02,90778
819,2022-09-03,90763
820,2022-09-04,90748
821,2022-09-05,90729
822,2022-09-06,90713
823,2022-09-07,90694
824,2022-09-08,90680
825,2022-09-09,90660
826,2022-09-10,90645
827,2022-09-11,90625
828,2022-09-12,90608
829,2022-09-13,90590
830,2022-09-14,90580
831,2022-09-15,90564
832,2022-09-16,90551
833,2022-09-17,90540
834,2022-09-18,90528
835,2022-09-19,90519
836,2022-09-20,90514
837,2022-09-21,90508
838,2022-09-22,90506
839,2022-09-23,90499
840,2022-09-24,90491
841,2022-09-25,90486
842,2022-09-26,90483
843,2022-09-27,90477
844,2022-09-28,90470
845,2022-09-29,90463
846,2022-09-30,90444
847,2022-10-01,113564
848,2022-10-02,113552
849,2022-10-03,113542
850,2022-10-04,113531
851,2022-10-05,113510
852,2022-10-06,113500
853,2022-10-07,113488
854,2022-10-08,113480
855,2022-10-09,113469
856,2022-10-10,113460
857,2022-10-11,113450
858,2022-10-12,113446
859,2022-10-13,113439
860,2022-10-14,113427
861,2022-10-15,113426
862,2022-10-16,113424
863,2022-10-18,113419
864,2022-10-19,113416
865,2022-10-20,113410
866,2022-10-21,113405
867,2022-10-22,113403
868,2022-10-23,113398
869,2022-10-24,113396
870,2022-10-25,113392
871,2022-10-26,113388
872,2022-10-27,113385
873,2022-10-28,113382
874,2022-10-29,113370
875,2022-10-30,113363
876,2022-10-31,113351
877,2022-11-01,153514
878,2022-11-02,153510
879,2022-11-03,153502
880,2022-11-04,153493
881,2022-11-05,153485
882,2022-11-06,153484
883,2022-11-07,153480
884,2022-11-08,153476
885,2022-11-09,153473
886,2022-11-10,153468
887,2022-11-11,153463
888,2022-11-12,153457
889,2022-11-13,153451
890,2022-11-14,153446
891,2022-11-15,153440
892,2022-11-16,153436
893,2022-11-17,153430
894,2022-11-18,153427
895,2022-11-19,153425
896,2022-11-20,153420
897,2022-11-21,153416
898,2022-11-22,153413
899,2022-11-23,153409
900,2022-11-24,153405
901,2022-11-25,153403
902,2022-11-26,153396
903,2022-11-27,153391
904,2022-11-28,153386
905,2022-11-29,153379
906,2022-11-30,153374
907,2022-12-01,153363
908,2022-12-02,153353
909,2022-12-03,153345
910,2022-12-04,153329
911,2022-12-05,153323
912,2022-12-06,153308
913,2022-12-07,153297
914,2022-12-08,153282
915,2022-12-09,153270
916,2022-12-10,153258
917,2022-12-11,153243
918,2022-12-12,153233
919,2022-12-13,153224
920,2022-12-14,153214
921,2022-12-15,153206
922,2022-12-16,153194
923,2022-12-17,153185
924,2022-12-18,153176
925,2022-12-19,153166
926,2022-12-20,153157
927,2022-12-21,153150
928,2022-12-22,153146
929,2022-12-23,153139
930,2022-12-24,153128
931,2022-12-25,153112
932,2022-12-26,153105
933,2022-12-27,153095
934,2022-12-28,153091
935,2022-12-29,153081
936,2022-12-30,153075
937,2022-12-31,153068
938,2023-01-01,171301
939,2023-01-02,171299
940,2023-01-03,171296
941,2023-01-04,171294
942,2023-01-05,171292
943,2023-01-06,171289
944,2023-01-07,171286
945,2023-01-08,171284
946,2023-01-09,171284
947,2023-01-10,171279
948,2023-01-11,171278
949,2023-01-12,171276
950,2023-01-13,171272
951,2023-01-14,171268
952,2023-01-15,171268
953,2023-01-16,171265
954,2023-01-17,171265
955,2023-01-18,171265
956,2023-01-19,171265
957,2023-01-20,171264
958,2023-01-21,171263
959,2023-01-22,171260
960,2023-01-23,171258
961,2023-01-24,171258
962,2023-01-25,171257
963,2023-01-26,171255
964,2023-01-27,171252
965,2023-01-28,171250
966,2023-01-29,171245
967,2023-01-30,171243
968,2023-01-31,171237
969,2023-02-01,183266
970,2023-02-02,183259
971,2023-02-03,183249
972,2023-02-04,183241
973,2023-02-05,183236
974,2023-02-06,183229
975,2023-02-07,183216
976,2023-02-08,183207
977,2023-02-09,183205
978,2023-02-10,183201
979,2023-02-11,183195
980,2023-02-12,183185
981,2023-02-13,183177
982,2023-02-14,183171
983,2023-02-15,183159
984,2023-02-16,183151
985,2023-02-17,183140
986,2023-02-18,183138
987,2023-02-19,183130
988,2023-02-20,183122
989,2023-02-21,183116
990,2023-02-22,183116
991,2023-02-23,183112
992,2023-02-24,183109
993,2023-02-25,183107
994,2023-02-26,183106
995,2023-02-27,183103
996,2023-02-28,183098
997,2023-03-01,197458
998,2023-03-02,197459
999,2023-03-03,197457
1000,2023-03-04,197455
1001,2023-03-05,197449
1002,2023-03-06,197441
1003,2023-03-07,197435
1004,2023-03-08,197431
1005,2023-03-09,197424
1006,2023-03-10,197422
1007,2023-03-11,197413
1008,2023-03-12,197404
1009,2023-03-13,197400
1010,2023-03-14,197398
1011,2023-03-15,197393
1012,2023-03-16,197385
1013,2023-03-17,197381
1014,2023-03-18,197378
1015,2023-03-19,197376
1016,2023-03-20,197370
1017,2023-03-21,197368
1018,2023-03-22,197359
1019,2023-03-23,197356
1020,2023-03-24,197354
1021,2023-03-25,197350
1022,2023-03-26,197347
1023,2023-03-27,197347
1024,2023-03-28,197341
1025,2023-03-29,197340
1026,2023-03-30,197339
1027,2023-03-31,197338
1028,2023-04-01,230887
1029,2023-04-02,230934
1030,2023-04-03,231037
1031,2023-04-04,231101
1032,2023-04-05,231129
1033,2023-04-06,231145
1034,2023-04-07,231162
1035,2023-04-08,231176
1036,2023-04-09,231196
1037,2023-04-10,231229
1038,2023-04-11,231273
1039,2023-04-12,231292
1040,2023-04-13,231319
1041,2023-04-14,231355
1042,2023-04-15,231552
1043,2023-04-16,231572
1044,2023-04-17,231579
1045,2023-04-18,231595
1046,2023-04-19,231608
1047,2023-04-20,231635
1048,2023-04-21,231660
1049,2023-04-22,231676
1050,2023-04-23,231705
1051,2023-04-24,231729
1052,2023-04-25,231742
1053,2023-04-26,231761
1054,2023-04-27,231776
1055,2023-04-28,231799
1056,2023-04-29,231818
1057,2023-04-30,231841
1058,2023-05-01,231856
1059,2023-05-02,231877
1060,2023-05-03,231892
1061,2023-05-04,231909
1062,2023-05-05,231926
1063,2023-05-06,231940
1064,2023-05-07,231963
1065,2023-05-08,232043
1066,2023-05-09,232064
1067,2023-05-10,232081
1068,2023-05-11,232104
1069,2023-05-12,232115
1070,2023-05-13,232131
1071,2023-05-14,232154
1072,2023-05-15,232176
1073,2023-05-16,232202
1074,2023-05-17,232216
1075,2023-05-18,232252
1076,2023-05-19,232264
1077,2023-05-20,232284
1078,2023-05-21,232302
1079,2023-05-22,232315
1080,2023-05-23,232320
1081,2023-05-24,232327
1082,2023-05-25,232336
1083,2023-05-26,232343
1084,2023-05-27,232350
1085,2023-05-28,232359
1086,2023-05-29,232374
1087,2023-05-30,232390
1088,2023-05-31,232410
1089,2023-06-01,232421
1090,2023-06-02,232433
1091,2023-06-03,232440
1092,2023-06-04,232462
1093,2023-06-05,232474
1094,2023-06-06,232489
1095,2023-06-07,232512
1096,2023-06-08,232537
1097,2023-06-09,232561
1098,2023-06-10,232572
1099,2023-06-11,232584
1100,2023-06-17,232701
1101,2023-06-18,232712
1102,2023-06-19,232725
1103,2023-06-20,232734
1104,2023-06-21,232743
1105,2023-06-22,232744
1106,2023-06-23,232754
1107,2023-06-24,232766
1108,2023-06-25,233184
1109,2023-06-26,233658
1110,2023-06-27,234174
1111,2023-06-28,234633
1112,2023-06-29,235174
1113,2023-06-30,235600
1114,2023-07-01,241867
1115,2023-07-02,242014
1116,2023-07-03,242623
1117,2023-07-04,242948
1118,2023-07-05,243105
1119,2023-07-06,243356
1120,2023-07-07,243686
1121,2023-07-08,243913
1122,2023-07-09,244126
1123,2023-07-10,244369
1124,2023-07-11,241812
1125,2023-07-12,242193
1126,2023-07-13,242712
1127,2023-07-14,243211
1128,2023-07-15,243717
1129,2023-07-16,244250
1130,2023-07-17,244710
1131,2023-07-18,245294
1132,2023-07-19,245861
1133,2023-07-20,246311
1134,2023-07-21,247138
1135,2023-07-22,247747
1136,2023-07-23,248372
1137,2023-07-24,249123
1138,2023-07-25,249835
1139,2023-07-26,250251
1140,2023-07-27,250683
1141,2023-07-28,251704
1142,2023-07-29,252314
1143,2023-07-30,252897
1144,2023-07-31,253525
1145,2023-08-01,254121
1146,2023-08-02,254497
1147,2023-08-03,282895
1148,2023-08-04,255747
1149,2023-08-05,256277
1150,2023-08-06,256765
1151,2023-08-07,257137
1152,2023-08-08,257821
1153,2023-08-09,258376
1154,2023-08-10,258890
1155,2023-08-11,259376
1156,2023-08-12,260076
1157,2023-08-13,260726
1158,2023-08-14,261580
1159,2023-08-15,262168
1160,2023-08-16,262728
1161,2023-08-17,263369
1162,2023-08-18,264173
1163,2023-08-19,264843
1164,2023-08-20,265658
1165,2023-08-21,266330
1166,2023-08-22,266977
1167,2023-08-23,267594
1168,2023-08-24,283456
1169,2023-08-25,269398
1170,2023-08-26,283479
1171,2023-08-27,270724
1172,2023-08-28,271504
1173,2023-08-29,272147
1174,2023-08-30,272831
1175,2023-08-31,273721
1176,2023-09-01,274494
1177,2023-09-02,275100
1178,2023-09-03,275973
1179,2023-09-04,276694
1180,2023-09-05,277248
1181,2023-09-06,278174
1182,2023-09-07,278893
1183,2023-09-08,279476
1184,2023-09-09,279989
1185,2023-09-10,280786
1186,2023-09-11,281480
1187,2023-09-12,282022
1188,2023-09-13,282675
1189,2023-09-14,283412
1190,2023-09-15,284113
1191,2023-09-16,284718
1192,2023-09-17,285312
1193,2023-09-18,285878
1194,2023-09-19,286502
1195,2023-09-20,287146
1196,2023-09-21,287600
1197,2023-09-22,288468
1198,2023-09-23,289246
1199,2023-09-24,289779
1200,2023-09-25,290336
1201,2023-09-26,291012
1202,2023-09-27,291644
1203,2023-09-28,292206
1204,2023-09-29,292742
1205,2023-09-30,293380
1206,2023-10-01,293910
1207,2023-10-02,294479
1208,2023-10-03,295164
1209,2023-10-04,295695
1210,2023-10-05,296270
1211,2023-10-06,296917
1212,2023-10-07,297568
1213,2023-10-08,298305
1214,2023-10-09,298987
1215,2023-10-10,299640
1216,2023-10-11,299988
1217,2023-10-12,300821
1218,2023-10-13,301490
1219,2023-10-14,302261
1220,2023-10-15,302925
1221,2023-10-16,303717
1222,2023-10-17,304334
1223,2023-10-18,305038
1224,2023-10-19,305627
1225,2023-10-20,306275
1226,2023-10-21,307064
1227,2023-10-22,307796
1228,2023-10-23,308727
1229,2023-10-24,309297
1230,2023-10-25,310217
1231,2023-10-26,310769
1232,2023-10-27,311307
1233,2023-10-28,312073
1234,2023-10-29,312787
1235,2023-10-30,313699
1236,2023-10-31,314496
1237,2023-11-01,315431
1238,2023-11-02,316242
1239,2023-11-03,317060
1240,2023-11-04,317892
1241,2023-11-05,318862
1242,2023-11-06,319966
1243,2023-11-07,320798
1244,2023-11-08,322430
1245,2023-11-09,324526
1246,2023-11-10,325843
1247,2023-11-11,327115
1248,2023-11-12,328565
1249,2023-11-13,330047
1250,2023-11-14,331110
1251,2023-11-15,332334
1252,2023-11-16,332907
1253,2023-11-17,334088
1254,2023-11-18,335709
1255,2023-11-19,336797
1256,2023-11-20,338329
1257,2023-11-21,340224
1258,2023-11-22,341155
1259,2023-11-23,342562
1260,2023-11-24,343580
1261,2023-11-25,345237
1262,2023-11-26,346519
1263,2023-11-27,347652
1264,2023-11-28,348718
1265,2023-11-29,350003
1266,2023-11-30,351476
1267,2023-12-01,352677
1268,2023-12-02,353973
1269,2023-12-03,355081
1270,2023-12-04,356365
1271,2023-12-05,357503
1272,2023-12-06,358462
1273,2023-12-07,359618
1274,2023-12-08,360637
1275,2023-12-09,361639
1276,2023-12-10,362754
1277,2023-12-11,363612
1278,2023-12-12,363921
1279,2023-12-13,364504
1280,2023-12-14,365544
1281,2023-12-15,366505
1282,2023-12-16,367258
1283,2023-12-17,368348
1284,2023-12-18,369500
1285,2023-12-19,370767
1286,2023-12-20,372261
1287,2023-12-21,373272
1288,2023-12-22,374180
1289,2023-12-23,374895
1290,2023-12-24,376185
1291,2023-12-25,377946
1292,2023-12-26,378915
1293,2023-12-27,380135
1294,2023-12-28,381587
1295,2023-12-29,382143
1296,2023-12-30,383351
1297,2023-12-31,384494
1298,2024-01-01,386120
1299,2024-01-02,387461
1300,2024-01-03,388359
1301,2024-01-04,389325
1302,2024-01-05,390351
1303,2024-01-06,391843
1304,2024-01-07,392769
1305,2024-01-08,394119
1306,2024-01-09,395191
1307,2024-01-10,396848
1308,2024-01-11,397574
1309,2024-01-12,398661
1310,2024-01-13,400047
1311,2024-01-14,400861
1312,2024-01-15,401887
1313,2024-01-16,402684
1314,2024-01-17,403411
1315,2024-01-18,403987
1316,2024-01-19,405101
1317,2024-01-20,405997
1318,2024-01-21,406844
1319,2024-01-22,407800
1320,2024-01-23,409432
1321,2024-01-24,411038
1322,2024-01-25,412621
1323,2024-01-26,412624
1324,2024-01-27,413943
1325,2024-01-28,415177
1326,2024-01-29,416345
1327,2024-01-30,417426
1328,2024-01-31,418498
1329,2024-02-01,419534
1330,2024-02-02,420609
1331,2024-02-03,421650
1332,2024-02-04,422562
1333,2024-02-05,423434
1334,2024-02-06,424349
1335,2024-02-07,425203
1336,2024-02-08,426050
1337,2024-02-09,426991
1338,2024-02-10,428067
1339,2024-02-11,429146
1340,2024-02-12,430049
1341,2024-02-13,430882
1342,2024-02-14,431548
1343,2024-02-15,432379
1344,2024-02-16,432341
1345,2024-02-17,433168
1346,2024-02-18,434253
1347,2024-02-19,435262
1348,2024-02-20,436206
1349,2024-02-21,437187
1350,2024-02-22,438186
1351,2024-02-23,439053
1352,2024-02-24,440071
1353,2024-02-25,441120
1354,2024-02-26,442480
1355,2024-02-27,443346
1356,2024-02-28,444735
1357,2024-02-29,445890
1358,2024-03-01,446662
1359,2024-03-02,447679
1360,2024-03-03,448273
1361,2024-03-04,449934
1362,2024-03-05,451125
1363,2024-03-06,451688
1364,2024-03-07,452336
1365,2024-03-08,454030
1366,2024-03-09,454766
1367,2024-03-10,455239
1368,2024-03-11,457006
1369,2024-03-12,457152
1370,2024-03-13,458124
1371,2024-03-14,460140
1372,2024-03-15,460352
1373,2024-03-16,462294
1374,2024-03-17,463001
1375,2024-03-18,464311
1376,2024-03-19,464464
1377,2024-03-20,465386
1378,2024-03-21,466405
1379,2024-03-22,467502
1380,2024-03-23,467994
1381,2024-03-24,469594
1382,2024-03-25,470377
1383,2024-03-26,470903
1384,2024-03-27,471916
1385,2024-03-28,474000
1386,2024-03-29,474201
1387,2024-03-30,475189
1388,2024-03-31,477105
1389,2024-04-01,477231
1390,2024-04-02,478231
1391,2024-04-03,479467
1392,2024-04-04,480284
1393,2024-04-05,481623
1394,2024-04-06,482672
1395,2024-04-07,483374
1396,2024-04-08,484711
1397,2024-04-09,486129
1398,2024-04-10,486817
1399,2024-04-11,487861
1400,2024-04-12,489686
1401,2024-04-13,490745
1402,2024-04-14,490818
1403,2024-04-15,491852
1404,2024-04-16,492971
1405,2024-04-17,494103
1406,2024-04-18,495424
1407,2024-04-19,496114
1408,2024-04-20,497808
1409,2024-04-21,498315
1410,2024-04-22,499824
1411,2024-04-23,500719
1412,2024-04-24,502756
1413,2024-04-25,503991
1414,2024-04-26,504735
1415,2024-04-27,505160
1416,2024-04-28,506888
1417,2024-04-29,508153
1418,2024-04-30,509521
1419,2024-05-01,510875
1420,2024-05-02,510941
1421,2024-05-03,513655
1422,2024-05-04,513689
1423,2024-05-05,515082
1424,2024-05-06,516172
1425,2024-05-07,517310
1426,2024-05-08,518592
1427,2024-05-09,520672
1428,2024-05-10,521019
1429,2024-05-11,522797
1430,2024-05-12,524009
1431,2024-05-13,525921
1432,2024-05-14,527102
1433,2024-05-15,527193
1434,2024-05-16,528809
1435,2024-05-17,529663
1436,2024-05-18,530686
1437,2024-05-19,531837
1438,2024-05-20,532918
1439,2024-05-21,534672
1440,2024-05-22,536342
1441,2024-05-23,536795
1442,2024-05-24,538111
1443,2024-05-25,539440
1444,2024-05-26,540960
1445,2024-05-27,541943
1446,2024-05-28,543552
1447,2024-05-29,545574
1448,2024-05-30,545991
1449,2024-05-31,548074
1450,2024-06-01,549899
1451,2024-06-02,551116
1452,2024-06-03,552631
1453,2024-06-04,554371
1454,2024-06-05,557582
1455,2024-06-06,558046
1456,2024-06-07,560457
1457,2024-06-08,560984
1458,2024-06-09,562412
1459,2024-06-10,564043
1460,2024-06-11,565430
1461,2024-06-12,566869
1462,2024-06-13,568441
1463,2024-06-14,570150
1464,2024-06-15,571557
1465,2024-06-16,571707
1466,2024-06-17,573008
1467,2024-06-18,574317
1468,2024-06-19,575627
1469,2024-06-20,577770
1470,2024-06-21,578016
1471,2024-06-22,578997
1472,2024-06-23,580817
1473,2024-06-24,581539
1474,2024-06-25,582254
1475,2024-06-26,583509
1476,2024-06-27,585908
1477,2024-06-28,586825
1478,2024-06-29,587254
1479,2024-06-30,588477
1480,2024-07-01,590144
1481,2024-07-02,590712
1482,2024-07-03,591821
1483,2024-07-04,594052
1484,2024-07-05,594071
1485,2024-07-06,596012
1486,2024-07-07,596287
1487,2024-07-08,597617
1488,2024-07-09,598856
1489,2024-07-10,600344
1490,2024-07-11,601309
1491,2024-07-12,603410
1492,2024-07-13,603661
1493,2024-07-14,604877
1494,2024-07-15,606246
1495,2024-07-16,607709
1496,2024-07-17,609748
1497,2024-07-18,610097
1498,2024-07-19,611207
1499,2024-07-20,612138
1500,2024-07-21,613237
1501,2024-07-22,614338
1502,2024-07-23,615598
1503,2024-07-24,617082
1504,2024-07-25,617969
1505,2024-07-26,619415
1506,2024-07-27,620255
1507,2024-07-28,621409
1508,2024-07-29,623119
1509,2024-07-30,623663
1510,2024-07-31,624672
1511,2024-08-01,626613
1512,2024-08-02,626820
1513,2024-08-03,628011
1514,2024-08-04,629406
1515,2024-08-05,630031
1516,2024-08-06,632068
1517,2024-08-07,632735
1518,2024-08-08,633167
1519,2024-08-09,635166
1520,2024-08-10,635220
1521,2024-08-11,636323
1522,2024-08-12,638135
1523,2024-08-13,638622
1524,2024-08-14,639380
1525,2024-08-15,640320
1526,2024-08-16,641253
1527,2024-08-17,642860
1528,2024-08-18,643212
1529,2024-08-19,644223
1530,2024-08-20,645194
1531,2024-08-21,646146
1532,2024-08-22,648086
1533,2024-08-23,648141
1534,2024-08-24,649649
1535,2024-08-25,650329
1536,2024-08-26,651733
1537,2024-08-27,652373
1538,2024-08-28,653414
1539,2024-08-29,654818
1540,2024-08-30,655440
1541,2024-08-31,656719
1542,2024-09-01,657681
1543,2024-09-02,658890
1544,2024-09-03,659372
1545,2024-09-04,659891
1546,2024-09-05,660895
1547,2024-09-06,661744
1548,2024-09-07,663145
1549,2024-09-08,663631
1550,2024-09-09,665192
1551,2024-09-10,666009
1552,2024-09-11,666014
1553,2024-09-12,666982
1554,2024-09-13,667552
1555,2024-09-14,668766
1556,2024-09-15,669262
1557,2024-09-16,670446
1558,2024-09-17,670923
1559,2024-09-18,672064
1560,2024-09-19,673364
1561,2024-09-20,674390
1562,2024-09-21,675165
1563,2024-09-22,676591
1564,2024-09-23,677131
1565,2024-09-24,678299
1566,2024-09-25,678900
1567,2024-09-26,679629
1568,2024-09-27,680229
1569,2024-09-28,681477
1570,2024-09-29,682086
1571,2024-09-30,683351
1572,2024-10-01,683647
1573,2024-10-02,684761
1574,2024-10-03,685463
1575,2024-10-04,686392
1576,2024-10-05,687017
1577,2024-10-06,687791
1578,2024-10-07,688205
1579,2024-10-08,689331
1580,2024-10-09,690187
1581,2024-10-10,691100
1582,2024-10-11,692142
1583,2024-10-12,692929
1584,2024-10-13,694022
1585,2024-10-14,695163
1586,2024-10-15,695786
1587,2024-10-16,696855
1588,2024-10-17,697890
1589,2024-10-18,698681
1590,2024-10-19,699595
1591,2024-10-20,700343
1592,2024-10-21,701378
1593,2024-10-22,701567
1594,2024-10-23,703407
1595,2024-10-24,704510
1596,2024-10-25,705422
1597,2024-10-26,706201
1598,2024-10-27,707103
1599,2024-10-28,708740
1600,2024-10-29,709755
1601,2024-10-30,710907
1602,2024-10-31,711470
1603,2024-11-01,712514
1604,2024-11-02,714425
1605,2024-11-03,715233
1606,2024-11-04,716824
1607,2024-11-05,717737
1608,2024-11-06,718905
1609,2024-11-07,720154
1610,2024-11-08,721115
1611,2024-11-09,722415
1612,2024-11-10,723378
1613,2024-11-11,724291
1614,2024-11-12,725971
1615,2024-11-13,728210
1616,2024-11-14,729375
1617,2024-11-15,730810
1618,2024-11-16,731910
1619,2024-11-17,733428
1620,2024-11-18,734802
1621,2024-11-19,735676
1622,2024-11-20,736999
1623,2024-11-21,738182
1624,2024-11-22,739389
1625,2024-11-23,740631
1626,2024-11-24,741719
1627,2024-11-25,742920
1628,2024-11-26,744435
1629,2024-11-27,745898
1630,2024-11-28,747252
1631,2024-11-29,748516
1632,2024-11-30,749873
1633,2024-12-01,751175
1634,2024-12-02,752333
1635,2024-12-03,753830
1636,2024-12-04,755246
1637,2024-12-05,756344
1638,2024-12-06,758065
1639,2024-12-07,759598
1640,2024-12-08,760773
1641,2024-12-09,762537
1642,2024-12-10,763835
1643,2024-12-11,765164
1644,2024-12-12,766160
1645,2024-12-13,767374
1646,2024-12-14,768516
1647,2024-12-15,769751
1648,2024-12-16,771185
1649,2024-12-17,772595
1650,2024-12-18,773733
1651,2024-12-19,775012
1652,2024-12-20,775710
1653,2024-12-21,777486
1654,2024-12-22,778687
1655,2024-12-23,779923
1656,2024-12-24,781049
1657,2024-12-25,782169
1658,2024-12-26,783645
1659,2024-12-27,784833
1660,2024-12-28,786287
1661,2024-12-29,787587
1662,2024-12-30,788471
1663,2024-12-31,789558
